ROAD TRIP CSV ",."
Version,Language
1500,de


Kraftstoff
Tachostand (km),Tagestachostand,Datum,Getankt Betrag,Getankt Einheiten,Preis pro Einheit,Total Preis,Vollgetankt,l/100 km,Notiz,Oktan,Ort,Zahlung,Verkehrsbedingungen,Initialisieren,Kategorien,Flags,Währungscode,Wechselkurs,Breite,Länge,ID,Trip Comp Fuel Economy,Trip Comp Avg. Speed,Trip Comp Temperature,Trip Comp Drive Time,Tank Number
76157,,"2015-4-1 18:59",52.84,L,1.1389,60.18,,,,"Shell","Bremen","Debitkarte","Überlandfahrten",Reset,"Persönliche",9,,1,48.761852,9.171955,1,,,,,0
77118,961,"2015-4-4 19:24",60.39,L,1.179,71.2,,6.2841,,"Aral","Titisee",,"Stadt/Land",,,0,,1,,,2,,,,,0
78048,930,"2015-4-13 18:02",59.41,L,1.2091,71.83,,6.3882,,"Shell","Schwäbisch Gmünd","Debitkarte","Stadt/Land",,"Persönliche",0,,1,48.815614,9.82408,3,,,,,0
78980,932,"2015-4-24 17:42",59.44,L,1.219,72.46,,6.3777,,"OMV","Stuttgart","Debitkarte","Stadt/Land",,"Persönliche",0,,1,48.763054,9.176521,4,,,,,0
79833,853,"2015-4-30 11:00",53.03,L,1.1889,63.05,,6.2169,,"NoName","Nürnberg","Debitkarte","Stadt/Land",,"Persönliche",0,,1,49.427367,11.061484,5,,,,,0
80702,869,"2015-5-1",59.85,L,1.181,70.68,,6.8872,,"NoName","Kruszów","Debitkarte","Überlandfahrten",,"Persönliche",0,,1,51.579846,19.571803,6,,,,,0
81715,1013,"2015-5-6",58.94,L,1.1994,70.69,,5.8184,,"NoName","Rózan","Debitkarte","Stadt/Land",,"Persönliche",0,,1,52.887629,21.368695,7,,,,,0
82379,664,"2015-5-7",45,L,1.3176,59.29,,6.7771,,"BP","Zgorzelec","Debitkarte","Überlandfahrten",,"Persönliche",0,,1,51.176987,15.029822,8,,,,,0
82832,453,"2015-5-8",30.33,L,1.2189,36.97,,6.6954,,"Aral","Nürnberg","Debitkarte","Überlandfahrten",,"Persönliche",0,,1,49.427367,11.061484,9,,,,,0
83712,880,"2015-5-11 11:43",56.83,L,1.199,68.14,,6.458,,"NoName","Stuttgart","Debitkarte","Stadt/Land",,"Persönliche",0,,1,48.763054,9.176521,10,,,,,0
84635,923,"2015-5-27 16:00",59.58,L,1.2289,73.22,,6.455,,"Shell","Lorch","Debitkarte","Stadt/Land",,"Persönliche",0,,1,,,11,,,,,0
85556,921,"2015-6-15 17:37",62.79,L,1.179,74.03,,6.8176,,"Total","Schorndorf","Debitkarte","Stadt/Land",,"Persönliche",0,,1,48.80587,9.50826,12,,,,,0
86479,923,"2015-6-24 21:33",60.16,L,1.199,72.13,,6.5179,,"OMV","Stuttgart","Debitkarte","Stadt/Land",,"Persönliche",0,,1,48.763054,9.176521,13,,,,,0
87384,905,"2015-7-5",60.76,L,1.1791,71.64,,6.7138,,"OMV","Stuttgart","Debitkarte","Stadt/Land",,"Persönliche",0,,1,,,14,,,,,0
88241,857,"2015-7-12",56.71,L,1.209,68.56,,6.6173,,"Aral","Nürnberg","Debitkarte","Stadt/Land",,"Persönliche",0,,1,49.427367,11.061484,15,,,,,0
89167,926,"2015-7-19",60.58,L,1.209,73.24,,6.5421,,"Total","Engen","Debitkarte","Stadt/Land",,"Persönliche",0,,1,,,16,,,,,0
90092,925,"2015-7-30",61.09,L,1.129,68.97,,6.6043,,"OMV","Stuttgart","Debitkarte","Stadt/Land",,"Persönliche",0,,1,48.763054,9.176521,17,,,,,0
90921,829,"2015-8-8 22:14",57.24,L,1.3227,75.71,,6.9047,,"Shell","Schwalmstadt","Debitkarte","Stadt/Land",,"Persönliche",0,,1,50.912541,9.249189,18,,,,,0
91773,852,"2015-8-9 18:29",60.52,L,1.0968,66.38,,7.1033,,"NoName","Lodz","Debitkarte","Überlandfahrten",,"Persönliche",0,,1,51.663068,19.403743,19,,,,,0
92844,1071,"2015-8-14 17:24",60.54,L,0.9899,59.93,,5.6527,,"NoName","Lazdiju","Debitkarte","Stadt/Land",,"Persönliche",0,,1,54.234387,23.522359,20,,,,,0
93810,966,"2015-8-21 13:45",60.669,L,1.0798,65.51,,6.2804,,"Shell","Dlugolek","Debitkarte","Stadt/Land",,"Persönliche",0,,1,51.177648,17.185214,21,,,,,0
94612,802,"2015-8-22 11:54",46.31,L,1.079,49.97,,5.7743,,"NoName","Stuttgart","Debitkarte","Überlandfahrten",,"Persönliche",0,,1,48.763054,9.176521,22,,,,,0
95621,1009,"2015-9-4 18:10",61.23,L,1.1191,68.52,,6.0684,,"OMV","Stuttgart","Debitkarte","Stadt/Land",,"Persönliche",0,,1,48.761784,9.171823,23,,,,,0
96576,955,"2015-9-12 18:18",60.73,L,1.1191,67.96,,6.3592,,"Shell",,"Debitkarte","Stadt/Land",,"Persönliche",0,,1,47.880879,10.040586,24,,,,,0
97619,1043,"2015-9-22 20:55",59.83,L,1.109,66.35,,5.7363,,"OMV","Stuttgart","Debitkarte","Stadt/Land",,"Persönliche",0,,1,48.763054,9.176521,25,,,,,0
98416,797,"2015-10-2 19:26",42.64,L,1.0889,46.43,,5.3501,,"OMV","Stuttgart","Debitkarte","Stadt/Land",,"Persönliche",0,,1,48.763054,9.176521,26,,,,,0
99388,972,"2015-10-16 17:30",59.99,L,1.099,65.93,,6.1718,,"Shell","Aalen",,"Stadt/Land",,,0,,1,48.884427,10.135393,28,,,,,0
100352,964,"2015-10-20 18:05",61.31,L,1.0789,66.15,,6.36,,"OMV","Stuttgart",,"Stadt/Land",,,0,,1,48.763054,9.176521,30,,,,,0
101361,1009,"2015-11-2 17:23",61.36,L,1.0989,67.43,,6.0813,,"Total","Schwäbisch Gmünd",,"Stadt/Land",,,0,,1,48.761937,9.171924,32,,,,,0
102380,1019,"2015-11-10 19:03",60.61,L,1.1689,70.85,,5.948,,"Esso",,,"Stadt/Land",,,0,,1,48.814259,9.369805,34,,,,,0
103348,968,"2015-11-26 18:55",59.82,L,1.119,66.94,,6.1798,,"OMV","Stuttgart",,"Stadt/Land",,,0,,1,48.763054,9.176521,37,,,,,0
104304,956,"2015-12-7 17:56",60,L,1.059,63.54,,6.2762,,"OMV","Stuttgart",,"Stadt/Land",,,0,,1,48.763054,9.176521,39,,,,,0
105355,1051,"2015-12-17 15:39",60.17,L,1.0391,62.52,,5.725,,"Agip",,,"Stadt/Land",,,0,,1,48.786311,9.768437,41,,,,,0
106300,945,"2015-12-28 19:30",21.75,L,1.1494,25,Partial,5.7153,,"Agip","Kreuzlingen",,"Überlandfahrten",,,0,,1,48.761851,9.171866,43,,,,,0
106765,465,"2016-1-3 16:01",17.39,L,1.1593,20.16,Partial,5.7153,,"Aral","Nürnberg",,"Überlandfahrten",,,0,,1,49.427367,11.061484,45,,,,,0
107013,248,"2016-1-3 18:55",55.62,L,0.9989,55.56,,5.7153,,"OMV","Stuttgart",,"Überlandfahrten",,,0,,1,48.763054,9.176521,47,,,,,0
107793,780,"2016-1-16 15:57",49.82,L,1.009,50.27,,6.3872,,"Total","Schwäbisch Gmünd",,"Stadt/Land",,,0,,1,48.761943,9.171907,49,,,,,0
108726,933,"2016-1-24 19:35",59.49,L,0.939,55.86,,6.3762,,"OMV","Stuttgart",,"Stadt/Land",,,0,,1,48.761843,9.171929,51,,,,,0
109787,1061,"2016-2-1 17:44",60.48,L,0.959,58,,5.7003,,"OMV","Stuttgart",,"Stadt/Land",,,0,,1,,,53,,,,,0
110805,1018,"2016-2-12 17:54",61.25,L,0.929,56.9,,6.0167,,"Agip","Schwäbisch Gmünd",,"Stadt/Land",,,0,,1,48.786238,9.768284,55,,,,,0
111856,1051,"2016-2-21 20:12",60.3,L,0.969,58.43,,5.7374,,"OMV","Stuttgart",,"Überlandfahrten",,,0,,1,48.761948,9.171897,57,,,,,0
112878,1022,"2016-3-2 19:03",60.27,L,0.9789,59,,5.8973,,"Agip","Schwäbisch Gmünd",,"Stadt/Land",,,0,,1,48.761852,9.17178,59,,,,,0
113859,981,"2016-3-10 16:59",60.25,L,1.029,62,,6.1417,,"Agip","Schwäbisch Gmünd",,"Überlandfahrten",,,0,,1,48.761924,9.171735,61,,,,,0
114810,951,"2016-3-15 18:57",58.88,L,1.019,60,,6.1914,,"Shell","Schwäbisch Gmünd",,"Überlandfahrten",,,0,,1,48.761911,9.171794,63,,,,,0
115753,943,"2016-4-1 16:28",57.2,L,1.049,60,,6.0657,,"Agip","Schwäbisch Gmünd",,"Überlandfahrten",,,0,,1,48.761859,9.171938,65,,,,,0
116747,994,"2016-4-10 20:12",59.3,L,0.989,58.65,,5.9658,,"Shell","Stuttgart",,"Stadt/Land",,,0,,1,48.761984,9.171934,67,,,,,0
117792,1045,"2016-4-19 20:26",59.86,L,1.019,61,,5.7282,,"Shell","Stuttgart",,"Stadt/Land",,,0,,1,48.761898,9.171751,69,,,,,0
118801,1009,"2016-4-27 20:40",60.94,L,1.0491,63.93,,6.0396,,"Agip","Stuttgart",,"Stadt/Land",,,0,,1,48.761898,9.171751,71,,,,,0
119723,922,"2016-5-6 15:35",54.72,L,1.059,57.95,,5.9349,,"Shell","Metzingen",,"Stadt/Land",,,0,,1,,,73,,,,,0
120786,1063,"2016-5-11 22:01",60.96,L,1.0289,62.72,,5.7347,,"OMV","Stuttgart",,"Überlandfahrten",,,0,,1,48.761898,9.171751,75,,,,,0
121793,1007,"2016-5-21 13:34",62.11,L,1.119,69.5,,6.1678,,"Shell","Poppenreuth",,"Stadt/Land",,,0,,1,49.421346,11.10066,77,,,,,0
122687,894,"2016-6-3 17:47",59.41,L,1.089,64.7,,6.6454,,"Shell","Lorch",,"Überlandfahrten",,,0,,1,,,79,,,,,0
123561,874,"2016-6-17 20:28",58.15,L,1.049,61,,6.6533,,"Shell","Stuttgart",,"Stadt/Land",,,0,,1,48.78384,9.182738,81,,,,,0
124467,906,"2016-6-30 15:22",59.86,L,1.079,64.59,,6.6071,,"Esso","Böbingen",,"Stadt/Land",,,0,,1,48.820578,9.920187,83,,,,,0
125236,769,"2016-7-5 19:36",54.9,L,1.1089,60.88,,7.1391,,"JET","Füssen",,"Überlandfahrten",,,0,,1,47.568565,10.688795,85,,,,,0
126144,908,"2016-7-9 23:07",40.84,L,1.249,51.01,Partial,6.466,,"Aral","Kreuzlingen",,"Überlandfahrten",,,0,,1,48.761917,9.172118,87,,,,,0
126766,622,"2016-7-10 19:53",58.09,L,1.0491,60.94,,6.466,,"Agip","Schwäbisch Gmünd",,"Überlandfahrten",,,0,,1,48.761859,9.171938,89,,,,,0
127608,842,"2016-7-24 9:22",56.78,L,1.1191,63.54,,6.7435,,"Aral","München",,"Überlandfahrten",,,0,,1,48.139131,11.580188,91,,,,,0
128448,840,"2016-8-5 16:43",52.28,L,1.0691,55.89,,6.2238,,"Agip","Schwäbisch Gmünd",,"Stadt/Land",,,0,,1,48.802432,9.818199,93,,,,,0
129397,949,"2016-8-21 12:58",36.4,L,1.0989,40,Partial,6.2894,,"Agip","Schwäbisch Gmünd",,"Stadt/Land",,,0,,1,48.802118,9.808382,95,,,,,0
129870,473,"2016-8-23 19:58",27.81,L,1.0791,30.01,Partial,6.2894,,"Shell","Schwäbisch Gmünd",,"Stadt/Land",,,0,,1,48.802118,9.808382,97,,,,,0
130155,285,"2016-8-28 11:49",43.15,L,1.0941,47.21,,6.2894,,"BP","Bludenz",,"Überlandfahrten",,,0,,1,47.155584,9.820739,99,,,,,0
130920,765,"2016-9-4 8:39",30.2,L,1.1589,35,Partial,5.9985,,"Shell","Schwalmstadt",,"Stadt/Land",,,0,,1,50.912541,9.249189,101,,,,,0
131526,606,"2016-9-4 14:18",52.04,L,1.0953,57,,5.9985,,"BP","Kąty Wrocławskie",,"Überlandfahrten",,,0,,1,51.027654,16.777227,103,,,,,0
132575,1049,"2016-9-9 13:50",62.24,L,1.0504,65.38,,5.9333,,"Orlen","Białystok",,"Stadt/Land",,,0,,1,53.102437,23.138918,105,,,,,0
133557,982,"2016-9-16 10:39",59.71,L,0.9953,59.43,,6.0804,,"Lotos","Głuchów",,"Überlandfahrten",,,0,,1,51.439613,19.59921,109,,,,,0
134551,994,"2016-9-17 13:19",60.86,L,1.139,69.32,,6.1227,,"Shell","Lorch",,"Überlandfahrten",,,0,,1,,,107,,,,,0
135540,989,"2016-10-14 19:33",61.2,L,1.109,67.87,,6.1881,,"Esso","Satteldorf",,"Stadt/Land",,,0,,1,49.181856,10.068355,113,,,,,0
136400,860,"2016-10-28 20:22",54.92,L,1.1191,61.46,,6.386,,"Avia","Aalen",,"Stadt/Land",,,0,,1,49.401114,11.142572,111,,,,,0
137358,958,"2016-11-4 19:19",57.98,L,1.089,63.14,,6.0522,,"Aral","Stuttgart",,"Stadt/Land",,,0,,1,48.789304,9.192411,115,,,,,0
138393,1035,"2016-11-15 19:51",61.74,L,1.0491,64.77,,5.9652,,"JET","Urbach",,"Stadt/Land",,,0,,1,,,117,,,,,0
139378,985,"2016-11-27 20:48",13.65,L,1.0989,15,Partial,6.324,,"Shell","Aalen",,"Stadt/Land",,,0,,1,48.802102,9.8084,119,,,,,0
139572,194,"2016-12-3 16:56",60.91,L,1.199,73.03,,6.324,,"Total","Schwäbisch Gmünd",,"Stadt/Land",,,0,,1,48.788554,9.762755,123,,,,,0
140375,803,"2016-12-18 16:35",52.68,L,1.1891,62.64,,6.5604,,"Aral","Nürnberg",,"Stadt/Land",,,0,,1,49.404653,11.158749,121,,,,,0
141014,639,"2016-12-26 9:42",41.13,L,1.249,51.37,,6.4366,,"Aral","Nürnberg",,"Stadt/Land",,,0,,1,49.404653,11.158749,125,,,,,0
141836,822,"2016-12-29 17:37",52.71,L,1.159,61.09,,6.4124,,"HEM","Schwäbisch Gmünd",,"Überlandfahrten",,,0,,1,48.79295,9.860366,127,,,,,0
142712,876,"2017-1-12 13:54",59.57,L,1.229,73.21,,6.8002,,"Aral","Korntal-Münchingen",,"Stadt/Land",,,0,,1,48.850871,9.10539,129,,,,,0
143700,988,"2017-1-23 19:11",60.27,L,1.1691,70.46,,6.1002,,"Agip","Schwäbisch Gmünd",,"Stadt/Land",,,0,,1,48.801964,9.808272,131,,,,,0
144612,912,"2017-2-9 16:41",61.17,L,1.1591,70.9,,6.7072,,"Esso","Schwäbisch Gmünd",,"Stadt/Land",,,0,,1,48.802005,9.808203,133,,,,,0
145481,869,"2017-2-26 20:05",59.2,L,1.149,68.02,,6.8124,,"Shell","Schwäbisch Gmünd",,"Stadt/Land",,,0,,1,48.801987,9.808387,135,,,,,0
146482,1001,"2017-3-4 12:58",60.27,L,1.269,76.48,,6.021,,"Total","Schwäbisch Gmünd",,"Stadt/Land",,,0,,1,48.788421,9.763441,137,,,,,0
147280,798,"2017-3-19 18:52",54.13,L,1.2089,65.44,,6.7832,,"Aral","Schwäbisch Gmünd",,"Stadt/Land",,,0,,1,48.801959,9.808256,139,,,,,0
148223,943,"2017-4-1 17:34",58.91,L,1.1591,68.28,,6.2471,,"MarktKauf","Schwäbisch Gmünd",,"Stadt/Land",,,0,,1,48.801959,9.808256,141,,,,,0
149150,927,"2017-4-13 18:36",14.94,L,1.3387,20,Partial,6.3479,,"Shell",,,"Stadt/Land",,,0,,1,,,143,,,,,0
149341,191,"2017-4-15 15:35",56.03,L,1.169,65.5,,6.3479,,"Esso","Stein",,"Stadt/Land",,,0,,1,48.801973,9.808444,145,,,,,0
150349,1008,"2017-4-22 14:57",60.52,L,1.209,73.17,,6.004,,"OMV","Donauwörth",,"Überlandfahrten",,,0,,1,48.730489,10.778312,147,,,,,0
151270,921,"2017-5-1 20:46",61.53,L,1.139,70.08,,6.6808,,"Total","Schwäbisch Gmünd",,"Stadt/Land",,,0,,1,48.802133,9.808639,149,,,,,0
152233,963,"2017-5-12",60.68,L,1.209,73.36,,6.3011,,"Total","Schwäbisch Gmünd",,"Stadt/Land",,,0,,1,48.802133,9.808639,151,,,,,0
153219,986,"2017-5-21 19:40",60.63,L,1.209,73.3,,6.1491,,"Agip","Schwäbisch Gmünd",,"Stadt/Land",,,0,,1,48.802111,9.80891,153,,,,,0
154137,918,"2017-5-28 19:41",61.47,L,1.1389,70.01,,6.6961,,"Total","Schwäbisch Gmünd",,"Überlandfahrten",,,0,,1,48.802027,9.80843,155,,,,,0
155059,922,"2017-6-13 20:54",62.44,L,1.089,68,,6.7722,,"Aral","Stuttgart",,"Stadt/Land",,,0,,1,48.789304,9.192411,159,,,,,0
156083,1024,"2017-6-14",59.48,L,1.0005,59.51,,5.8086,,"Lotos","Lodz",,"Überlandfahrten",,,0,,1,51.663068,19.403743,161,,,,,0
156965,882,"2017-6-21 9:57",58.45,L,1.1287,65.97,,6.627,,"Shell",,,"Überlandfahrten",,,0,,1,51.900111,19.707865,157,,,,,0
157618,653,"2017-6-21 16:24",41.32,L,1.0789,44.58,,6.3277,,"Gulf","Treuen",,"Überlandfahrten",,,0,,1,,,163,,,,,0
158557,939,"2017-7-2 15:51",60.61,L,1.1091,67.22,,6.4547,,"Esso","Ippesheim",,"Überlandfahrten",,,0,,1,,,165,,,,,0
159520,963,"2017-7-11 17:29",55.88,L,1.099,61.41,,5.8027,,"Stolch","Bopfingen",,"Stadt/Land",,,0,,1,,,167,,,,,0
160428,908,"2017-7-18 21:26",58.11,L,1.1191,65.03,,6.3998,,"Esso","Schwäbisch Gmünd",,"Stadt/Land",,,0,,1,48.801953,9.809359,169,,,,,0
161327,899,"2017-7-27 18:05",31.45,L,1.1189,35.19,Partial,6.2575,,"Total","Nördlingen",,"Stadt/Land",,,0,,1,,,171,,,,,0
161904,577,"2017-7-30 21:21",60.91,L,1.1391,69.38,,6.2575,,"Aral","Stuttgart",,"Stadt/Land",,,0,,1,,,173,,,,,0
162924,1020,"2017-8-9 16:08",41.31,L,1.2191,50.36,Partial,5.8868,,"Total","Nördlingen",,"Stadt/Land",,,0,,1,,,175,,,,,0
163550,626,"2017-8-13 18:54",49.42,L,1.3189,65.18,Partial,5.8868,,"Aral","Kreuzlingen",,"Stadt/Land",,,0,,1,48.761917,9.172118,177,,,,,0
164367,817,"2017-8-18 16:32",45.1,L,1.149,51.82,Partial,5.8868,,"Total","Nördlingen",,"Stadt/Land",,,0,,1,,,179,,,,,0
165225,858,"2017-9-4 18:19",59.67,L,1.1089,66.17,,5.8868,,"Agip","Schwäbisch Gmünd",,"Stadt/Land",,,0,,1,48.786295,9.768403,181,,,,,0
166205,980,"2017-9-10 16:18",26.14,L,1.3389,35,Partial,6.1064,,"Aral","Knüllwald",,"Überlandfahrten",,,0,,1,,,185,,,,,0
166594,389,"2017-9-11 17:53",41.11,L,1.269,52.17,Partial,6.1064,,"Total","Nördlingen",,"Überlandfahrten",,,0,,1,,,183,,,,,0
167237,643,"2017-9-15",55.61,L,1.109,61.67,,6.1064,,"Total","Nördlingen",,"Stadt/Land",,,0,,1,,,187,,,,,0
168171,934,"2017-9-22 16:21",57.53,L,1.109,63.8,,6.1595,,"JET","Nördlingen",,"Stadt/Land",,,0,,1,,,189,,,,,0
169085,914,"2017-9-29 18:00",56.14,L,1.119,62.82,,6.1422,,"Agip","Schwäbisch Gmünd",,"Überlandfahrten",,,0,,1,48.801127,9.832707,191,,,,,0
170081,996,"2017-10-6 21:59",30.33,L,1.3192,40.01,Partial,5.9395,,"Aral","Konstanz",,"Stadt/Land",,,0,,1,47.647374,9.158401,193,,,,,0
170540,459,"2017-10-11 17:39",56.09,L,1.149,64.45,,5.9395,,"Total","Nürnberg",,"Stadt/Land",,,0,,1,,,195,,,,,0
171375,835,"2017-10-19",39.24,L,1.149,45.09,Partial,6.4662,,"Total","Nördlingen",,"Stadt/Land",,,0,,1,48.8021,9.80842,197,,,,,0
172063,688,"2017-10-23 19:22",59.24,L,1.109,65.7,,6.4662,,"Agip","Schwäbisch Gmünd",,"Stadt/Land",,,0,,1,48.801958,9.80835,199,,,,,0
173059,996,"2017-10-29",59.51,L,1.2185,72.51,,5.9749,,"OMV","Karlsbad",,"Stadt/Land",,,0,,1,,,201,,,,,0
173440,381,"2017-11-1 13:11",27.31,L,1.1988,32.74,,7.168,,"Agip","Stein",,"Überlandfahrten",,,0,,1,48.802079,9.808285,203,,,,,0
174400,960,"2017-11-7",30.91,L,1.1889,36.75,Partial,5.8548,,"Total","Nördlingen",,"Stadt/Land",,,0,,1,48.8021,9.80842,205,,,,,0
174948,548,"2017-11-11 13:24",57.38,L,1.169,67.08,,5.8548,,"Agip","Nürnberg",,"Stadt/Land",,,0,,1,49.402376,11.133421,207,,,,,0
175100,152,"2017-11-12",29.89,L,1.1291,33.75,Partial,6.397,,"Agip","Schwäbisch Gmünd",,"Stadt/Land",,,0,,1,48.801958,9.80835,209,,,,,0
176346,1246,"2017-11-26 17:02",59.54,L,1.169,69.6,,6.397,,"Agip","Schwäbisch Gmünd",,"Stadt/Land",,,0,,1,48.801196,9.832627,211,,,,,0
177289,943,"2017-12-7",58.77,L,1.129,66.35,,6.2322,,"Bft","Hinterlintal",,"Stadt/Land",,,0,,1,48.801986,9.808394,213,,,,,0
178162,873,"2017-12-16 13:44",53.9,L,1.1891,64.09,,6.1741,,"Shell","Aalen",,"Stadt/Land",,,0,,1,49.400685,11.142771,215,,,,,0
179014,852,"2017-12-23 12:09",55.15,L,1.1889,65.57,,6.473,,"Agip","Schwäbisch Gmünd",,"Stadt/Land",,,0,,1,48.802118,9.808382,217,,,,,0
179897,883,"2018-1-4 15:00",58.45,L,1.179,68.91,,6.6195,,"Agip","Schwäbisch Gmünd",,"Überlandfahrten",,,0,,1,48.802118,9.808382,219,,,,,0
180926,1029,"2018-1-12 8:33",29.71,L,1.169,34.73,Partial,6.0345,,"Total","Westhausen",,"Stadt/Land",,,0,,1,,,221,,,,,0
181180,254,"2018-1-13",40.03,L,1.2491,50,Partial,6.0345,,"Shell","Aichstetten",,"Überlandfahrten",,,0,,1,47.880777,10.040262,225,,,,,0
182039,859,"2018-1-17 11:07",36,L,1.2089,43.52,Partial,6.0345,,"Aral","Stuttgart",,"Stadt/Land",,,0,,1,48.789304,9.192411,223,,,,,0
182566,527,"2018-1-21 17:31",55.32,L,1.139,63.01,,6.0345,,"Agip","Schwäbisch Gmünd",,"Stadt/Land",,,0,,1,48.802381,9.808521,227,,,,,0
183590,1024,"2018-1-28 18:21",40.39,L,1.1389,46,Partial,5.7851,,"Agip","Schwäbisch Gmünd",,"Stadt/Land",,,0,,1,48.80195,9.808375,229,,,,,0
184186,596,"2018-1-31 20:29",33.32,L,1.139,37.95,Partial,5.7851,,"Agip","Schwäbisch Gmünd",,"Stadt/Land",,,0,,1,48.802634,9.808122,231,,,,,0
184828,642,"2018-2-6 20:53",57.15,L,1.1491,65.67,,5.7851,,"Shell",,,"Stadt/Land",,,0,,1,48.884357,10.13565,233,,,,,0
185660,832,"2018-2-12 19:25",49.5,L,1.159,57.37,,5.9495,,"Total","Nördlingen",,"Stadt/Land",,,0,,1,48.802069,9.808474,235,,,,,0
186668,1008,"2018-2-17 17:27",59.06,L,1.2289,72.58,,5.8591,,"Shell","Aalen",,"Stadt/Land",,,0,,1,48.80245,9.808607,237,,,,,0
187565,897,"2018-2-26 19:10",33.97,L,1.209,41.07,Partial,6.0472,,"Aral","Bopfingen",,"Stadt/Land",,,0,,1,48.802307,9.808762,239,,,,,0
188199,634,"2018-3-3 8:31",36.66,L,1.159,42.49,Partial,6.0472,,"Total","Nördlingen",,"Stadt/Land",,,0,,1,48.802069,9.808474,241,,,,,0
188809,610,"2018-3-9 7:36",40.8,L,1.139,46.47,Partial,6.0472,,"Agip","Schwäbisch Gmünd",,"Stadt/Land",,,0,,1,48.802113,9.808538,243,,,,,0
189442,633,"2018-3-11 12:09",56.32,L,1.179,66.4,,6.0472,,"Aral","Knüllwald",,"Überlandfahrten",,,0,,1,49.945161,10.016394,245,,,,,0
190381,939,"2018-3-17 16:40",58.87,L,1.169,68.82,,6.2694,,"Aral","Hinterlintal",,"Stadt/Land",,,0,,1,48.80198,9.808465,247,,,,,0
191283,902,"2018-3-22 19:15",40.87,L,1.1791,48.19,Partial,5.9085,,"Agip","Schwäbisch Gmünd",,"Stadt/Land",,,0,,1,48.802146,9.808586,249,,,,,0
192077,794,"2018-3-29",26.84,L,1.1788,31.64,Partial,5.9085,,"Total","Nördlingen",,"Stadt/Land",,,0,,1,48.802069,9.808474,259,,,,,0
192464,387,"2018-4-1 18:38",27.58,L,1.269,35,Partial,5.9085,,"Shell","Berg",,"Überlandfahrten",,,0,,1,49.400626,11.142693,251,,,,,0
192567,103,"2018-4-2 12:03",33.87,L,1.1789,39.93,,5.9085,,"Aral","Nürnberg",,"Überlandfahrten",,,0,,1,48.802117,9.808847,253,,,,,0
193206,639,"2018-4-6",34.23,L,1.189,40.7,,5.3568,,"Agip","Schwäbisch Gmünd",,"Stadt/Land",,,0,,1,48.802146,9.808586,255,,,,,0
193773,567,"2018-4-8",35.14,L,1.2291,43.19,,6.1975,,"NoName","Schwäbisch Gmünd",,"Überlandfahrten",,,0,,1,48.802146,9.808586,257,,,,,0
194862,1089,"2018-4-14 12:32",40.45,L,1.2391,50.12,Partial,6.2938,,"Aral","Nürnberg",,"Überlandfahrten",,,0,,1,48.802117,9.808847,261,,,,,0
195364,502,"2018-4-21 15:37",25.08,L,1.199,30.07,Partial,6.2938,,"Agip","Schwäbisch Gmünd",,"Stadt/Land",,,0,,1,48.801925,9.808343,263,,,,,0
195699,335,"2018-4-27",29.64,L,1.199,35.54,Partial,6.2938,,"Total","Nördlingen",,"Stadt/Land",,,0,,1,48.802069,9.808474,265,,,,,0
196149,450,"2018-5-1 18:01",54.37,L,1.2089,65.73,,6.2938,,"Agip","Schwäbisch Gmünd",,"Stadt/Land",,,0,,1,48.802037,9.808441,267,,,,,0
197024,875,"2018-5-6 18:32",23.46,L,1.2792,30.01,Partial,6.1101,,"NoName","Singen",,"Überlandfahrten",,,0,,1,47.782378,8.912353,269,,,,,0
197427,403,"2018-5-8",37.06,L,1.2191,45.18,Partial,6.1101,,"Total","Nördlingen",,"Überlandfahrten",,,0,,1,48.802216,9.808691,271,,,,,0
198070,643,"2018-5-14 21:39",20.44,L,1.3092,26.76,Partial,6.1101,,"Agip","Schwäbisch Gmünd",,"Stadt/Land",,,0,,1,48.801815,9.80906,273,,,,,0
198429,359,"2018-5-16",58.35,L,1.249,72.88,,6.1101,,"Agip","Leonberg",,"Stadt/Land",,,0,,1,,,275,,,,,0
199379,950,"2018-6-6 17:40",61.44,L,1.3089,80.42,,6.4674,,"Esso","Ludwigsburg",,"Überlandfahrten",,,0,,1,,,277,,,,,0
200262,883,"2018-6-12 20:03",56.18,L,1.249,70.17,,6.3624,,"Esso","Stein",,"Überlandfahrten",,,0,,1,48.802079,9.808285,279,,,,,0
201139,877,"2018-8-1 17:52",58.36,L,1.3191,76.98,,6.6545,,"Total","Schwäbisch Gmünd",,"Überlandfahrten",,,0,,1,48.78845,9.763533,281,,,,,0
201980,841,"2018-8-15 18:53",58.7,L,1.299,76.25,,6.9798,,"Aral","Urbach",,"Stadt/Land",,,0,,1,48.809054,9.570777,283,,,,,0
202919,939,"2018-8-29 19:01",61.49,L,1.329,81.72,,6.5485,,"Shell","Lorch",,"Stadt/Land",,,0,,1,48.796124,9.702916,285,,,,,0
203757,838,"2018-9-16 15:22",57.94,L,1.399,81.06,,6.9141,,"HEM","Nürnberg",,"Überlandfahrten",,,0,,1,49.416327,11.016861,287,,,,,0
204663,906,"2018-10-14 14:46",27.42,L,1.459,40.01,Partial,6.9745,,"OMV","Aalen",,"Überlandfahrten",,,0,,1,48.802086,9.808407,289,,,,,0
204972,309,"2018-11-17 18:31",57.32,L,1.5691,89.94,,6.9745,,"Shell","Nürnberg",,"Überlandfahrten",,,0,,1,49.400641,11.142727,291,,,,,0
205906,934,"2018-12-1 12:42",58.41,L,1.409,82.3,,6.2537,,"Pinoil","Ulm",,"Stadt/Land",,,0,,1,48.802289,9.808547,293,,,,,0
206802,896,"2018-12-15 16:39",59.76,L,1.409,84.2,,6.6696,,"Aral","Nürnberg",,"Stadt/Land",,,0,,1,49.400622,11.142762,295,,,,,0
207767,965,"2018-12-22 13:32",57.97,L,1.339,77.62,,6.0073,,"Bavaria Petrol","Nürnberg",,"Überlandfahrten",,,0,,1,49.402394,11.133678,297,,,,,0
208641,874,"2019-1-22 18:40",54.11,L,1.2489,67.58,,6.1911,,"Esso","Backnang",,"Stadt/Land",,,0,,1,48.934681,9.437355,299,,,,,0
209573,932,"2019-2-14 18:01",59.22,L,1.219,72.19,,6.3541,,"Mr. Wash","Stuttgart",,"Stadt/Land",,,0,,1,48.802446,9.808334,301,,,,,0
210461,888,"2019-2-22 14:31",11.37,L,1.3193,15,Partial,6.4985,,"OMV","Schongau",,"Stadt/Land",,,0,,1,47.807121,10.873427,303,,,,,0
210574,113,"2019-2-22 16:58",53.68,L,1.2371,66.41,,6.4985,,"NoName",,,"Überlandfahrten",,,0,,1,47.166412,10.731119,305,,,,,0
211467,893,"2019-3-11 17:51",59.93,L,1.2683,76.01,,6.7111,,"Aral","Schwäbisch Gmünd",,"Überlandfahrten",,,0,,1,48.802888,9.797589,307,,,,,0
212418,951,"2019-4-4 18:44",60.35,L,1.2196,73.6,,6.346,,"Avia","Schorndorf",,"Stadt/Land",,,0,,1,48.815106,9.423826,309,,,,,0
213220,802,"2019-4-20 10:15",52.8,L,1.2991,68.59,,6.5835,,"Agip","Schwäbisch Gmünd",,"Stadt/Land",,,0,,1,48.801996,9.808347,311,,,,,0
214037,817,"2019-5-4 11:19",53.52,L,1.329,71.13,,6.5508,,"Agip","Stuttgart",,"Überlandfahrten",,,0,,1,48.820634,9.174807,313,,,,,0
214850,813,"2019-6-4 18:56",54.0142,L,1.2589,68,,6.6438,,"Total","Schwäbisch Gmünd",,"Stadt/Land",,,0,,1,48.788514,9.763523,317,,,,,0
215786,936,"2019-7-9 17:37",60.21,L,1.2589,75.8,,6.4327,,"NoName","Aalen",,"Stadt/Land",,,0,,1,48.835285,10.088682,315,,,,,0
216595,809,"2019-8-10 14:48",59.1,L,1.209,71.45,,7.3053,,"Elan","Gunzenhausen",,"Stadt/Land",,,0,,1,49.31166,11.001861,319,,,,,0
217456,861,"2019-9-5 10:48",57.71,L,1.218,70.29,,6.7027,,"NoName","Böhmenkirch",,"Stadt/Land",,,0,,1,48.40351,9.975864,321,,,,,0
218262,806,"2019-9-11 12:26",52.91,L,1.2191,64.5,,6.5645,,"JET","Dresden",,"Überlandfahrten",,,0,,1,51.086202,13.692048,323,,,,,0
219183,921,"2019-9-14 16:04",56.92,L,1.2117,68.97,,6.1802,,"NoName","Białystok",,"Überlandfahrten",,,0,,1,53.032305,23.091702,325,,,,,0
219943,760,"2019-9-15 16:31",54.53,L,1.269,69.2,,7.175,,"Aral","Zgorzelec",,"Überlandfahrten",,,0,,1,51.22566,14.90196,327,,,,,0
220884,941,"2019-9-20 20:05",59.45,L,1.2289,73.06,,6.3177,,"Agip","Schwäbisch Gmünd",,"Überlandfahrten",,,0,,1,48.802001,9.808286,329,,,,,0
221708,824,"2019-10-6 19:25",59.73,L,1.179,70.42,,7.2488,,"JET","Laupheim",,"Überlandfahrten",,,0,,1,48.844088,10.098095,331,,,,,0
222531,823,"2019-10-27 19:42",58.44,L,1.229,71.82,,7.1009,,"Avia","Ebnat",,"Stadt/Land",,,0,,1,47.989478,10.232357,333,,,,,0
223379,848,"2019-11-9 14:00",59.21,L,1.289,76.32,,6.9823,,"Aral","Nürnberg",,"Stadt/Land",,,0,,1,49.400627,11.142781,335,,,,,0
224187,808,"2019-11-27 8:07",57.4,L,1.3068,75.01,,7.104,,"Esso","Aalen",,"Stadt/Land",,,0,,1,48.848407,10.097564,337,,,,,0
225059,872,"2019-12-10 18:29",58.44,L,1.239,72.41,,6.7018,,"Aral","Urbach",,"Stadt/Land",,,0,,1,48.808973,9.570905,339,,,,,0
225960,901,"2019-12-19 20:21",59.12,L,1.319,77.98,,6.5616,,"Aral","Stuttgart",,"Überlandfahrten",,,0,,1,48.843824,10.098868,341,,,,,0
226799,839,"2020-1-5 18:48",20,L,1.539,30.78,Partial,6.6314,,"Total","Singen",,"Überlandfahrten",,,0,,1,48.205904,8.625153,343,,,,,0
227140,341,"2020-1-9 17:29",58.25,L,1.269,73.92,,6.6314,,"RAN","Aalen",,"Überlandfahrten",,,0,,1,48.827728,10.077125,345,,,,,0
227996,856,"2020-1-21 18:13",58.48,L,1.2591,73.63,,6.8318,,"Esso","Aalen",,"Stadt/Land",,,0,,1,48.848501,10.097704,347,,,,,0
228833,837,"2020-2-1 18:22",56.97,L,1.2491,71.16,,6.8065,,"Aral","Nürnberg",,"Stadt/Land",,,0,,1,49.401539,11.150415,349,,,,,0
229726,893,"2020-2-13 16:50",58.94,L,1.2591,74.21,,6.6002,,"Aral","Stuttgart",,"Stadt/Land",,,0,,1,48.810055,9.154285,351,,,,,0
230518,792,"2020-3-4 7:40",57.28,L,1.159,66.39,,7.2323,,"Esso","Aalen",,"Stadt/Land",,,0,,1,48.848461,10.0974,353,,,,,0
230943,425,"2020-3-18 14:14",31.66,L,1.149,36.38,,7.4494,,"Esso","Aalen",,"Stadt/Land",,,0,,1,48.843672,10.09905,358,,,,,0
231788,845,"2020-5-11 18:28",60.84,L,0.999,60.78,,7.2,,"Esso","Aalen",,"Stadtverkehr",,,0,,1,48.848391,10.097551,360,,,,,0
232573,785,"2020-6-13 18:15",58.1,L,1.0491,60.95,,7.4013,,"Aral","Aalen",,"Stadtverkehr",,,0,,1,48.84373,10.098979,362,,,,,0
233373,800,"2020-7-6 13:17",57.99,L,1.089,63.15,,7.2488,,"OMV","Aalen",,"Stadt/Land",,,0,,1,48.843664,10.098933,364,,,,,0
234005,632,"2020-9-13 15:36",54.43,L,1.0389,56.55,,8.6123,,"Aral","Nürnberg",,"Stadtverkehr",,,0,,1,49.401385,11.150692,366,,,,,0
234873,868,"2020-10-8 14:13",56.61,L,1.039,58.82,,6.5219,,"Aral","Stuttgart",,"Überlandfahrten",,,0,,1,48.843656,10.098933,368,,,,,0
235701,828,"2020-10-20 9:01",57.17,L,1.029,58.83,,6.9046,,"Esso","Essingen",,"Überlandfahrten",,,0,,1,48.765101,9.168297,370,,,,,0
236560,859,"2020-11-2 9:48",58.58,L,1.0189,59.69,,6.8196,,"Total","Schwäbisch Gmünd",,"Überlandfahrten",,,0,,1,48.814038,9.823765,372,,,,,0
237256,696,"2020-12-21 13:38",55.75,L,1.1891,66.29,,8.0101,,"Aral","Nürnberg",,"Überlandfahrten",,,0,,1,49.401426,11.150609,374,,,,,0
238122,866,"2021-2-7 13:44",60.84,L,1.289,78.42,,7.0254,,"Aral","Nürnberg",,"Überlandfahrten",,,0,,1,49.401421,11.150751,376,,,,,0
238940,818,"2021-2-12 15:33",47.64,L,1.2691,60.46,,5.824,,"Aral",,,"Überlandfahrten",,,0,,1,48.789194,9.192386,378,,,,,0
239663,723,"2021-3-15 12:43",48.1,L,1.299,62.48,,6.6528,,"Avia","Leinzell",,"Stadt/Land",,,0,,1,48.848886,9.876202,381,,,,,0
240500,837,"2021-4-12 17:48",12.22,L,1.309,16,Partial,6.414,,"Total","Schwäbisch Gmünd",,"Überlandfahrten",,,0,,1,48.801925,9.808343,385,,,,,0
240738,238,"2021-4-25 17:47",56.73,L,1.309,74.26,,6.414,,"OMV","Aalen",,"Überlandfahrten",,,0,,1,48.861316,10.102896,383,,,,,0
241478,740,"2021-5-7",49.44,L,1.3091,64.72,,6.6811,,"Aral","Nürnberg",,"Überlandfahrten",,,0,,1,49.401421,11.150751,389,,,,,0
242279,801,"2021-5-22 15:56",56.64,L,1.369,77.54,,7.0712,,"Total","Schwäbisch Gmünd",,"Überlandfahrten",,,0,,1,48.843991,10.098176,387,,,,,0
242837,558,"2021-6-4",39.7,L,1.3589,53.95,,7.1147,,"Aral","Aalen",,"Überlandfahrten",,,0,,1,48.843557,10.0988,391,,,,,0
243589,752,"2021-6-18 11:00",59.51,L,1.239,73.73,,7.9136,,"Thrainer","Erl",,"Überlandfahrten",,,0,,1,47.648875,12.197028,393,,,,,0
244300,711,"2021-6-28 12:06",14.52,L,1.5992,23.22,Partial,7.4351,,"Total","Schwäbisch Gmünd",,"Überlandfahrten",,,0,,1,48.788431,9.763308,399,,,,,0
244559,259,"2021-7-1",57.6,L,1.299,74.82,,7.4351,,"RAN","Aalen",,"Überlandfahrten",,,0,,1,48.843557,10.0988,395,,,,,0
245394,835,"2021-7-5 11:52",55.04,L,1.369,75.35,,6.5916,,"Total","Schwäbisch Gmünd",,"Überlandfahrten",,,0,,1,48.788431,9.763308,397,,,,,0
246139,745,"2021-7-30 17:24",59.11,L,1.419,83.88,,7.9342,,"Shell","Oberessendorf",,"Überlandfahrten",,,0,,1,47.987066,9.771434,401,,,,,0
247000,861,"2021-8-6",25.93,L,1.3992,36.28,Partial,7.0651,,"Avia","Aalen",,"Stadt/Land",,,0,,1,48.848372,10.097471,407,,,,,0
247260,260,"2021-8-13 17:43",53.27,L,1.389,73.99,,7.0651,,"Total","Schwäbisch Gmünd",,"Überlandfahrten",,,0,,1,48.788463,9.763295,403,,,,,0
247759,499,"2021-8-15 16:45",33.19,L,1.395,46.3,,6.6513,,"Esso","Aalen",,"Überlandfahrten",,,0,,1,48.848372,10.097471,405,,,,,0
248551,792,"2021-8-28 17:51",36,L,1.3889,50,Partial,6.8029,,"Aral","Heilsbronn",,"Überlandfahrten",,,0,,1,49.28344,10.724525,409,,,,,0
249151,600,"2021-9-18 11:56",25.41,L,1.4388,36.56,Partial,6.8029,,"Avia","Aalen",,"Überlandfahrten",,,0,,1,48.848372,10.097471,411,,,,,0
249509,358,"2021-9-25 12:11",57.64,L,1.4591,84.1,,6.8029,,"JET","Dinkelsbühl",,"Stadt/Land",,,0,,1,49.093157,10.409709,413,,,,,0
250354,845,"2021-10-10 12:29",57.1,L,1.4989,85.59,,6.7574,,"OMV","Aalen",,"Stadt/Land",,,0,,1,49.016342,10.325098,415,,,,,0
251200,846,"2021-11-4",55.28,L,1.539,85.08,,6.5343,,"Total","Nördlingen",,"Stadt/Land",,,0,,1,48.8021,9.80842,421,,,,,0
252000,800,"2021-11-11",10.6306,L,1.57,16.69,Partial,6.101,,"Total","Nördlingen",,"Stadt/Land",,,0,,1,48.8021,9.80842,419,,,,,0
252260,260,"2021-11-16 8:08",54.04,L,1.539,83.17,,6.101,,"Total","Nördlingen",,,,,0,,1,48.8021,9.80842,417,,,,,0
253194,934,"2021-12-4 17:44",59.05,L,1.559,92.06,,6.3223,,"Total","Schwäbisch Gmünd",,"Überlandfahrten",,,0,,1,48.788383,9.76347,423,,,,,0


Wartung
Beschreibung,Datum,Tachostand (km),Kosten,Notiz,Ort,Typ,Subtyp,Zahlung,Kategorien,Wiederholung (Zeit),Wiederholung (km),Flags,Währungscode,Wechselkurs,Breite,Länge,ID,Notification Interval,Notification Distance
"Kredit","2015-2-22",76020,-17000,,"Bremen",Unterhalt,"Finanzierung",,,,,0,,1,48.761821,9.171866,199,,
"Kaufbetrag","2015-2-23",76020,16180,,"Bremen",Unterhalt,"Finanzierung",,,,,0,,1,48.761821,9.171866,197,,
"Kreditrate 0","2015-3-2",76020,350,,,Unterhalt,"Finanzierung",,,"1m",,0,,1,,,1,"1w",100
"Anzahlung","2015-3-9 14:00",76020,500,,"Bremen",Unterhalt,"Finanzierung",,,,,0,,1,,,2,,
"Garantie","2015-3-30 7:19",76020,499,,"Bremen",Unterhalt,"Finanzierung",,,,,0,,1,48.761821,9.171866,5,,
"Dekra Prüfung","2015-3-30 9:31",76020,120,,,Service,"Wartung",,,,,0,,1,,,6,,
"Kundendienst","2015-3-30 15:16",76020,399.99,,"Bremen",Service,"Wartung",,,,,0,,1,48.761797,9.171853,7,,
"Sommerreifen","2015-3-30 15:17",76020,528.6,,"Bremen",Service,"Verschleißteile",,,,,0,,1,48.761821,9.171866,8,,
"Kreditrate 1","2015-4-1",76100,350,,,Unterhalt,"Finanzierung",,,,,0,,1,,,9,,
"Kreditrate 2","2015-5-1",80700,350,,,Unterhalt,"Finanzierung",,,"1m",,0,,1,,,10,"1w",100
"KFZ-Steuer","2015-5-15 13:44",82832,230,,,Unterhalt,"Steuer",,,"1y",,0,,1,,,11,"1w",100
"Versicherung I / 2015","2015-5-15 13:45",82832,253.42,,,Unterhalt,"Versicherung",,,"6m",,0,,1,,,12,"1w",
"Kreditrate 3","2015-6-2",85000,400,,,Unterhalt,"Finanzierung",,,"1m",,0,,1,,,13,"1w",100
"Kreditrate 4","2015-7-1",86479,400,,,Unterhalt,"Finanzierung",,,"1m",,0,,1,,,14,"1w",100
"Versicherung II / 2015","2015-7-5 16:31",86479,485.27,,"Kreuzlingen",Unterhalt,"Versicherung",,,"6m",,64,,1,48.761917,9.172118,15,"1w",
"Reparatur Fahrwerk","2015-7-14",88518,303.31,,"Schwäbisch Gmünd",Service,"Reparatur",,,,,0,,1,48.815614,9.82408,16,,
"Kreditrate 5","2015-8-1",90092,400,,,Unterhalt,"Finanzierung",,,"1m",,0,,1,,,17,"1w",100
"Kreditrate 6","2015-9-1",,400,,,Unterhalt,"Finanzierung",,,"1m",,0,,1,,,18,"1w",100
"Kreditrate 7","2015-10-1",98416,400,,"Stuttgart",Unterhalt,"Finanzierung",,,,,0,,1,,,19,,
"Winterreifen","2015-10-3 9:19",98416,358,,"Stuttgart",Service,"Verschleißteile",,,,,0,,1,48.763054,9.176521,20,,
"Kreditrate 8","2015-11-2 18:43",101361,400,,"Stuttgart",Unterhalt,"Finanzierung",,,,,0,,1,48.763054,9.176521,22,,
"Radwechsel","2015-11-4 16:20",101599,88,,"Schwäbisch Gmünd",Service,"Wartung",,,,,0,,1,48.761937,9.171924,24,,
"Tirefit ","2015-11-19 17:02",102380,13.99,,"Stuttgart",Service,"Reparatur",,,,,0,,1,48.763054,9.176521,26,,
"Tirefit","2015-11-26",103348,18.99,,"Stuttgart",Service,"Reparatur",,,,,0,,1,48.763054,9.176521,28,,
"Kreditrate 9","2015-12-1",104304,400,,"Stuttgart",Unterhalt,"Finanzierung",,,,,0,,1,48.763054,9.176521,30,,
"Kreditrate 10","2016-1-4 17:10",107013,400,,"Schwäbisch Gmünd",Unterhalt,"Finanzierung",,,,,0,,1,48.761955,9.171875,32,,
"Versicherung I / 2016","2016-1-4 17:12",107013,485.26,,,Unterhalt,"Versicherung",,,"6m",,64,,1,,,34,"1w",
"Ölwechsel","2016-1-12 9:55",107211,301.37,,"Schwäbisch Gmünd",Service,"Wartung",,,"2y",32000,0,,1,48.761897,9.171941,36,"1w",100
"Kreditrate 11","2016-2-1",109787,400,,,Unterhalt,"Finanzierung",,,,,0,,1,,,38,,
"Kreditrate 12","2016-3-2 19:04",112878,400,,"Stuttgart",Unterhalt,"Finanzierung",,,,,0,,1,48.761994,9.171873,40,,
"KFZ-Steuer","2016-3-31 14:26",114810,230,,,Unterhalt,"Steuer",,,"1y",,64,,1,,,42,"1w",100
"Kreditrate 13","2016-4-1",115753,400,,"Stuttgart",Unterhalt,"Finanzierung",,,,,0,,1,48.761994,9.171873,44,,
"Reifenwechseln ","2016-4-27 7:55",118740,80,,"Schwäbisch Gmünd",Service,"Wartung",,,"6m",,0,,1,48.761859,9.171938,46,"1w",100
"TÜV","2016-4-28 7:57",118858,91,,"Schwäbisch Gmünd",Service,"Wartung",,,"2y",,0,,1,48.761859,9.171938,48,"1w",100
"Kreditrate 14","2016-5-2",118858,400,,,Unterhalt,"Finanzierung",,,,,0,,1,,,50,,
"Kreditrate 15","2016-6-1",122000,400,,,Unterhalt,"Finanzierung",,,,,0,,1,,,52,,
"Kreditrate 16","2016-7-1",125000,400,,,Unterhalt,"Finanzierung",,,,,0,,1,,,54,,
"Ummeldung","2016-7-13 13:17",126766,17.8,,"Schwäbisch Gmünd",Andere,"Steuer",,,,,0,,1,48.761859,9.171938,56,,
"Technische Durchsicht","2016-7-21",127227,253.41,,"Schwäbisch Gmünd",Service,"Wartung",,,,,0,,1,48.761859,9.171938,58,,
"Kreditrate 17","2016-8-1",128000,400,,,Unterhalt,"Finanzierung",,,,,0,,1,,,60,,
"Versicherung II / 2016","2016-8-28 17:21",130155,222.12,,"Schwäbisch Gmünd",Unterhalt,"Versicherung",,,"6m",,0,,1,48.802118,9.808382,64,"1w",
"Kreditrate 18","2016-9-1",,400,,,Unterhalt,"Finanzierung",,,,,0,,1,,,66,,
"Kreditrate 19","2016-10-4",135000,400,,"Schwäbisch Gmünd",Unterhalt,"Finanzierung",,,,,0,,1,48.788554,9.762755,68,,
"Kreditrate 20","2016-11-2",137000,400,,"Schwäbisch Gmünd",Unterhalt,"Finanzierung",,,,,0,,1,48.79295,9.860366,77,,
"Mobility kit","2016-11-9 21:03",138000,75.01,,,Service,"Verschleißteile",,,,,0,,1,48.801967,9.808272,70,,
"Winterreifen","2016-11-9 21:04",138000,429.74,,,Service,"Verschleißteile",,,,,0,,1,48.801993,9.80846,72,,
"Öl- und Reifenwechsel","2016-11-22",138875,539.9,,"Schwäbisch Gmünd",Service,"Wartung",,,,,0,,1,48.788554,9.762755,74,,
"Kreditrate 21","2016-12-1",140000,400,,"Schwäbisch Gmünd",Unterhalt,"Finanzierung",,,,,0,,1,48.79295,9.860366,80,,
"Kreditrate 22","2016-12-5",140100,110,,"Schwäbisch Gmünd",Unterhalt,"Finanzierung",,,,,0,,1,48.79295,9.860366,82,,
"Kreditrate 23","2017-1-2",141836,400,,"Schwäbisch Gmünd",Unterhalt,"Finanzierung",,,,,0,,1,48.79295,9.860366,84,,
"Versicherung I / 2017","2017-1-2",143850,286.14,,"Schwäbisch Gmünd",Unterhalt,"Versicherung",,,"6m",,64,,1,48.802118,9.808382,88,"1w",
"Versicherung Ib / 2017","2017-2-1",143850,104.19,,,Unterhalt,"Versicherung",,,,,0,,1,,,90,,
"Kreditrate 24","2017-2-1",143850,400,,"Schwäbisch Gmünd",Unterhalt,"Finanzierung",,,,,0,,1,48.801988,9.808269,92,,
"Kreditrate 25","2017-3-1",146200,400,,"Schwäbisch Gmünd",Unterhalt,"Finanzierung",,,,,0,,1,48.788421,9.763441,94,,
"Reifenwechseln","2017-3-24",147744,24.89,,"Schwäbisch Gmünd",Service,"Wartung",,,,,0,,1,48.801959,9.808256,96,,
"KFZ-Steuer","2017-3-27 20:35",147744,230,,"Aalen",Unterhalt,"Steuer",,,"1y",,64,,1,48.802086,9.808407,98,"1w",100
"Kreditrate 26","2017-4-4 17:24",148223,400,,,Unterhalt,"Finanzierung",,,,,0,,1,,,100,,
"Bremsflüssigkeit wechseln","2017-4-25 17:49",150551,86.48,,"Schwäbisch Gmünd",Service,"Wartung",,,,,0,,1,48.793219,9.774503,102,,
"Kreditrate 27","2017-5-2",151270,400,,"Schwäbisch Gmünd",Unterhalt,"Finanzierung",,,,,0,,1,48.802133,9.808639,104,,
"Kreditrate 31","2017-5-7",152400,172.84,,,Unterhalt,"Finanzierung",,,,,0,,1,,,114,,
"Kreditrate 28","2017-6-1",152618,400,,"Schwäbisch Gmünd",Unterhalt,"Finanzierung",,,,,0,,1,48.802027,9.80843,106,,
"Versicherung II / 2017","2017-7-3",158557,390.33,,"Schwäbisch Gmünd",Unterhalt,"Versicherung",,,"6m",,64,,1,48.802118,9.808382,110,"1w",
"Kreditrate 29","2017-7-3",158557,400,,"Aalen",Unterhalt,"Finanzierung",,,,,0,,1,48.802048,9.808659,108,,
"Kreditrate 30","2017-7-3 10:50",158557,729.99,"Das waren die Hochzeitsgeschenke in Złoty. ",,Unterhalt,"Finanzierung",,,,,0,,1,48.801627,9.818542,112,,
"Kreditrate 32","2017-8-1",,400,,,Unterhalt,"Finanzierung",,,,,0,,1,,,116,,
"Kreditrate 33","2017-9-1",,400,,,Unterhalt,"Finanzierung",,,,,0,,1,,,118,,
"Kreditrate 34","2017-10-2",170081,400,,"Nürnberg",Unterhalt,"Finanzierung",,,,,0,,1,49.404653,11.158749,121,,
"Keilriemen","2017-10-11",170536,74.59,,"Nördlingen",Service,"Reparatur",,,,,0,,1,48.8021,9.80842,123,,
"Ölwechsel","2017-10-13",170748,282.52,,"Schwäbisch Gmünd",Service,"Wartung",,,"2y",32000,0,,1,,,125,"1w",100
"Kreditrate 35","2017-11-2",173440,400,,"Nürnberg",Unterhalt,"Finanzierung",,,,,0,,1,49.404653,11.158749,127,,
"Autowäsche","2017-11-11 13:26",174948,12,,"Nürnberg",Service,"Pflege",,,,,0,,1,49.402362,11.133491,129,,
"Kreditrate 36","2017-11-24",176000,2840.53,,"Schwäbisch Gmünd",Unterhalt,"Finanzierung",,,,,0,,1,48.801196,9.832627,133,,
"Kotflügel Lackieren ","2017-12-1",176500,1200,,"Nördlingen",Andere,"Unfallschaden",,,,,0,,1,48.8021,9.80842,131,,
"Versicherung I / 2018","2018-1-2",179897,384.16,,"Schwäbisch Gmünd",Unterhalt,"Versicherung",,,"6m",,64,,1,48.802118,9.808382,135,"1w",
"Technische Durchsicht","2018-2-23 23:40",187098,195.71,,"Schwäbisch Gmünd",Service,"Wartung",,,,,0,,1,48.802075,9.808399,137,,
"KFZ-Steuer","2018-3-27",191850,230,,"Aalen",Unterhalt,"Steuer",,,"1y",,64,,1,48.802086,9.808407,139,"1w",100
"Ansaugung Verkokt ","2018-4-24",195123,1003.85,,"Nördlingen",Service,"Reparatur",,,,,0,,1,48.802069,9.808474,141,,
"Reifenwechsel","2018-5-18",198569,64.8,,"Schwäbisch Gmünd",Service,"Wartung",,,,,0,,1,48.801815,9.80906,143,,
"Versicherung II / 2018","2018-7-2",200500,384.16,,"Schwäbisch Gmünd",Unterhalt,"Versicherung",,,"6m",,64,,1,48.802118,9.808382,145,"1w",
"Ölwechsel","2018-8-21 17:47",202187,381.52,,"Schwäbisch Gmünd",Service,"Wartung",,,"2y",32000,0,,1,48.802629,9.808361,147,"1w",100
"Versicherung / 2019","2019-1-13 21:22",207767,732.02,,"Schwäbisch Gmünd",Unterhalt,"Versicherung",,,"1y",,64,,1,48.802118,9.808382,151,"1w",
"Starterbatterie Erneuert","2019-1-21 19:52",208462,385.04,,"Nördlingen",Service,"Wartung",,,,,0,,1,48.80207,9.808689,153,,
"Wäsche ","2019-1-22 18:41",208641,7.9,,"Backnang",Service,"Pflege",,,,,0,,1,48.934668,9.437393,155,,
"Lordosestützen","2019-2-22 12:20",210380,1296,,"Augsburg",Andere,"Tuning",,,,,0,,1,48.256738,10.871096,157,,
"KFZ-Steuer","2019-3-27",212000,230,,"Aalen",Unterhalt,"Steuer",,,"1y",,0,,1,48.802086,9.808407,159,"1w",100
"Bremsbeläge","2019-4-26 17:40",213550,509.96,,"Schwäbisch Gmünd",Service,"Wartung",,,,,0,,1,48.802222,9.808212,161,,
"Windschutzscheibe","2019-9-19",220812,300,,"Schwäbisch Gmünd",Andere,"Reparatur",,,,,0,,1,48.843791,10.098972,179,,
"Reifenwechsel","2019-11-15",222000,24.89,,"Schwäbisch Gmünd",Service,"Wartung",,,,,0,,1,,,173,,
"Versicherung / 2020","2020-1-2",226500,722.66,,"Schwäbisch Gmünd",Unterhalt,"Versicherung",,,"1y",,0,,1,48.802118,9.808382,167,"1w",
"Motor- und Getriebeölwechsel","2020-2-18 17:12",229977,611.47,,"Schwäbisch Gmünd",Service,"Wartung",,,,,0,,1,48.805963,9.814487,165,,
"KFZ-Steuer","2020-4-14 20:34",231000,235.08,,"Aalen",Unterhalt,"Steuer",,,"1y",,0,,1,48.802086,9.808407,171,"1w",100
"Reifen und TÜV","2020-4-28 9:06",231362,448.06,,"Schwäbisch Gmünd",Service,"Wartung",,,,,0,,1,48.843633,10.098836,175,,
"Stößdämpfer","2020-4-28 9:09",231362,1141.33,,"Schwäbisch Gmünd",Service,"Wartung",,,,,0,,1,48.843686,10.098703,177,,
"Reifenwechsel","2020-12-4",236900,29,,"Schwäbisch Gmünd",Service,"Wartung",,,,,0,,1,48.814038,9.823765,181,,
"Versicherung / 2021","2020-12-7 6:53",236900,200.01,,"Schwäbisch Gmünd",Unterhalt,"Versicherung",,,"1y",,69,,1,48.802118,9.808382,183,"1w",
"Dachgepäckträger","2021-1-24",237823,305.47,,"Aalen",Andere,"Tuning",,,,,0,,1,48.843716,10.098973,185,,
"KFZ-Steuer","2021-3-31",240000,230,,"Aalen",Unterhalt,"Steuer",,,"1y",,1,,1,48.802086,9.808407,187,"1w",100
"Reifenwechsel","2021-5-3",241345,29.75,,"Aalen",Service,"Wartung",,,,,0,,1,48.861316,10.102896,189,,
"Klimaanlage Fehlerdiagnose","2021-7-14 13:46",245721,209.9,,"Aalen",Service,"Reparatur",,,,,0,,1,48.833108,10.0881,191,,
"Klimaanlage Reparaturkosten","2021-7-27 17:10",245907,1287.28,,"Aalen",Service,"Reparatur",,,,,0,,1,48.844084,10.09822,193,,
"Flexrohr","2021-10-6 17:52",250330,226.5,,"Aalen",Service,"Reparatur",,,,,0,,1,48.833021,10.088339,195,,
"Diagnose Steuerkette","2021-12-18 11:44",253640,53.79,,"Ansbach",Service,"Reparatur",,,,,0,,1,,,201,,
"Abmeldung ","2021-12-21",253640,7.8,,"Nördlingen",Unterhalt,"Steuer",,,,,0,,1,48.8021,9.80842,203,,
"Verkauf","2021-12-25",253640,-1500,,"Nördlingen",Unterhalt,"Finanzierung",,,,,0,,1,48.8021,9.80842,203,,


Touren
Name,Start Datum,Start Tachostand (km),Ende Datum,Ende Tachostand,Notiz,Distanz,ID,Typ,Kategorien,Flags
"Frühjahr 2015","2015-1-1",76157,"2015-4-30",79833,,3676,1,Tour-Berichte,,14
"Meine erste Tour","2015-3-14",76157,,,,,2,Tour-Berichte,,14
"Stuttgart","2015-3-23",76157,"2016-5-23",121793,,45636,10,Tour-Berichte,,12
"Polen Papa","2015-4-30",79833,"2015-5-8",82832,,2999,3,Tour-Berichte,,12
"Sommer 2015","2015-5-1",80702,"2015-8-31",94612,,13910,4,Tour-Berichte,,14
"Polen 2015","2015-8-9 9:30",91773,"2015-8-22 9:30",94612,,2839,5,Fahrtenlog,,13
"Herbst 2015","2015-9-1",94612,"2015-12-31",106300,,11688,6,Tour-Berichte,,14
"Gmünd","2016-5-23",121793,"2017-6-30",157618,,35825,8,Tour-Berichte,,12
"Polen 2016","2016-9-4",130920,"2016-9-17 12:47",134551,,3631,12,Tour-Berichte,,0
"Nataliya","2017-7-1",157618,"2018-5-16",198429,,40811,14,Tour-Berichte,,12
"Er gehört zu mir","2018-5-17",198429,"2019-9-21",220884,,22455,16,Tour-Berichte,,12
"Auf nach Aalen!","2019-9-21",220884,"2020-2-12",228833,,7949,18,Tour-Berichte,,12
"Corona","2020-2-13",229726,"2021-1-24",237256,,7530,20,Tour-Berichte,,12
"Dachbox","2021-1-24 14:25",237823,"2021-10-20",250354,,12531,22,Tour-Berichte,,8
"Ende Elternzeit","2021-10-21",250354,,,,,24,Tour-Berichte,,12


Automobil
Name,Tachostand,Verbrauch,Notiz,Tankinhalt,Tankinhalt Einheiten,Lokale Währung,Flags,IconID,FuelUnits,TripComp Units,TripComp Speed,TripComp Temperature,TripComp Time Enabled,Odometer Shift,Tank 1 Type,Tank 2 Type,Tank 2 Units
"Maximus","km","l/100 km","Kfz-Kennzeichen: S-GL 81
FIN: WBAPG110X0E738628

Versicherungs-Namen: HUK Coburg
Versicherung Zahl: 609/529016-D
Telefonnummer: 0800 / 2 153153
Notiz:
",63,L,EUR,28941,1000,1,l/100 km,km/h,C,,


Reifen
Name,Start Datum,Start Tachostand (km),Reifengröße,Größe Korrektur,Distanz,Alter,Notiz,Flags,ID,ParentID
"Conti","2015-3-26",76050,"205",,25549,"7 Monate",,2,1,1
"DunlopEtBridgesrone","2015-11-04",101599,"205",,17141,"5 Monate","Schrott",4,2,0
"Conti","2016-4-26",118740,"205",,20135,"7 Monate",,2,3,1
"Pirelli","2016-11-26",138875,"205",,8869,"3 Monate",,4,4,0
"Conti","2017-3-24",147744,"205",,105896,"4 Jahre 8 Monate",,2,5,1


VALUATIONS
Type,Date,Odometer,Price,Notes,Flags

